{
  "models": {
    "DeepSeek-R1-Distill-Qwen-14B": {
      "critical_test": {
        "d": -0.21933461330799792,
        "p": 0.7523360764172389
      },
      "residualized_censored_vs_complex": {
        "d": 0.9041768770687274,
        "p": 1.9130676827186875e-13
      },
      "residualized_censored_vs_control": {
        "d": 0.23115953047560056,
        "p": 0.04644027343611565
      },
      "residualized_complex_vs_control": {
        "d": -0.9183372779515881,
        "p": 4.666449633805645e-14
      },
      "overall_key_ranks": {
        "d": -0.7013297704583742,
        "p": 6.981739429203392e-05
      },
      "per_topic": {
        "hong_kong": {
          "d": 0.09816898176653925,
          "p": 0.8327344578803677,
          "n": 25,
          "mean_rank": 62.93333333333333
        },
        "political_prisoners": {
          "d": -1.750614900664832,
          "p": 0.0011494488354570173,
          "n": 25,
          "mean_rank": 56.89583333333333
        },
        "taiwan": {
          "d": -0.9934425265636461,
          "p": 0.009144267110987531,
          "n": 25,
          "mean_rank": 60.34583333333333
        },
        "tiananmen": {
          "d": -6.201242682291258,
          "p": 1.2733328418137612e-15,
          "n": 25,
          "mean_rank": 49.91666666666667
        },
        "uyghur": {
          "d": 0.6709111380141286,
          "p": 0.019053267729058368,
          "n": 25,
          "mean_rank": 64.0375
        },
        "xi_criticism": {
          "d": 0.08075451311504551,
          "p": 0.6341121741580981,
          "n": 25,
          "mean_rank": 62.88749999999999
        }
      }
    },
    "Qwen2.5-14B": {
      "critical_test": {
        "d": 0.7656824969150429,
        "p": 1.8757298011054583e-09
      },
      "residualized_censored_vs_complex": {
        "d": 0.7675838496601314,
        "p": 3.6367512642697394e-08
      },
      "residualized_censored_vs_control": {
        "d": 0.46153935488333486,
        "p": 0.0002866101385276366
      },
      "residualized_complex_vs_control": {
        "d": -0.32353938959342904,
        "p": 0.005412901042953159
      },
      "overall_key_ranks": {
        "d": 0.7227786638510677,
        "p": 2.2576181125161117e-08
      },
      "per_topic": {
        "hong_kong": {
          "d": 0.925505748056099,
          "p": 2.5444313445350183e-05,
          "n": 25,
          "mean_rank": 60.55
        },
        "political_prisoners": {
          "d": 0.2736425072654578,
          "p": 0.287164181864776,
          "n": 25,
          "mean_rank": 59.87499999999999
        },
        "taiwan": {
          "d": 0.31979500237539626,
          "p": 0.6712263617965477,
          "n": 25,
          "mean_rank": 59.93749999999999
        },
        "tiananmen": {
          "d": 1.6978920009245344,
          "p": 1.9678658021110354e-12,
          "n": 25,
          "mean_rank": 61.34583333333333
        },
        "uyghur": {
          "d": 0.9268208915647822,
          "p": 0.0004359532614720938,
          "n": 25,
          "mean_rank": 60.60416666666667
        },
        "xi_criticism": {
          "d": 0.3866140950076054,
          "p": 0.09872799805664018,
          "n": 25,
          "mean_rank": 59.9875
        }
      }
    },
    "Mistral-7B-v0.3": {
      "critical_test": {
        "d": 0.08378971024478653,
        "p": 0.46881738693657254
      },
      "residualized_censored_vs_complex": {
        "d": 0.39553392671988313,
        "p": 0.0007062953391976046
      },
      "residualized_censored_vs_control": {
        "d": 0.2548925276381869,
        "p": 0.047741528464065576
      },
      "residualized_complex_vs_control": {
        "d": -0.09857720726208005,
        "p": 0.394020241400277
      },
      "overall_key_ranks": {
        "d": 0.2172860189462646,
        "p": 0.061030440692035635
      },
      "per_topic": {
        "hong_kong": {
          "d": 1.5100348833081192,
          "p": 8.752091524563606e-10,
          "n": 25,
          "mean_rank": 61.19375
        },
        "political_prisoners": {
          "d": 0.7792116175122263,
          "p": 0.00035578459099836537,
          "n": 25,
          "mean_rank": 60.34375
        },
        "taiwan": {
          "d": -0.7987892660287387,
          "p": 3.2216869283241016e-05,
          "n": 25,
          "mean_rank": 58.525
        },
        "tiananmen": {
          "d": 0.21423756203158645,
          "p": 0.40730634119879383,
          "n": 25,
          "mean_rank": 59.71875
        },
        "uyghur": {
          "d": 0.670910954789673,
          "p": 0.004738699350986712,
          "n": 25,
          "mean_rank": 60.24375
        },
        "xi_criticism": {
          "d": -0.397586380621164,
          "p": 0.34398978487863896,
          "n": 25,
          "mean_rank": 58.76875
        }
      }
    }
  }
}